<?xml version="1.0" encoding="UTF-8"?><mdmec:CoreMetadata xmlns:xsi="http://www.w3.org/2001/XMLSchema-instance" xmlns:md="http://www.movielabs.com/schema/md/v2.9/md" xmlns:mdmec="http://www.movielabs.com/schema/mdmec/v2.9" xsi:schemaLocation="http://www.movielabs.com/schema/mdmec/v2.9 ../mdmec-v2.9.xsd"><mdmec:Compatibility><md:SpecVersion>2.9</md:SpecVersion><md:Profile>CM-IMAGE-1</md:Profile></mdmec:Compatibility><mdmec:Basic ContentID="md:cid:org:amzn_example:suicidesquadfeature"><md:LocalizedInfo language="en-US"><md:ArtReference resolution="3840x2160" purpose="cover">TheGreatMovie-US-16x9.jpg</md:ArtReference><md:ArtReference resolution="1920x2560" purpose="hero">TheGreatMovie-US-3x4.jpg</md:ArtReference></md:LocalizedInfo><md:ReleaseYear>2012</md:ReleaseYear><md:WorkType>movie</md:WorkType><md:AltIdentifier><md:Namespace>IMDB</md:Namespace><md:Identifier>tt4514985</md:Identifier></md:AltIdentifier><md:AssociatedOrg organizationID="wi-flix" role="licensor"></md:AssociatedOrg></mdmec:Basic></mdmec:CoreMetadata>